index,split,width,height,aspect_ratio,file_size_kb,channels,extension,pixel_mean,pixel_std,pixel_min,pixel_max,is_square,megapixels
6201,train,600,450,1.3333333333333333,243.9150390625,3,.jpg,162.73190307617188,26.4675350189209,22.0,229.0,False,0.27
1291,train,600,450,1.3333333333333333,249.6630859375,3,.jpg,195.70083618164062,32.87321853637695,6.0,243.0,False,0.27
9044,train,600,450,1.3333333333333333,290.68359375,3,.jpg,140.77207946777344,44.279842376708984,8.0,211.0,False,0.27
4803,train,600,450,1.3333333333333333,256.0087890625,3,.jpg,148.38037109375,32.437721252441406,0.0,215.0,False,0.27
5925,train,600,450,1.3333333333333333,273.8173828125,3,.jpg,162.44679260253906,31.59784698486328,64.0,251.0,False,0.27
9459,train,600,450,1.3333333333333333,287.578125,3,.jpg,163.6470489501953,58.3383903503418,5.0,243.0,False,0.27
3150,train,600,450,1.3333333333333333,332.7607421875,3,.jpg,135.0021209716797,58.58588790893555,0.0,255.0,False,0.27
1139,train,600,450,1.3333333333333333,260.4345703125,3,.jpg,157.39767456054688,51.06233215332031,7.0,248.0,False,0.27
750,train,600,450,1.3333333333333333,336.4736328125,3,.jpg,142.4185333251953,52.696434020996094,7.0,255.0,False,0.27
3733,train,600,450,1.3333333333333333,270.8544921875,3,.jpg,185.8449249267578,40.661231994628906,21.0,251.0,False,0.27
4741,train,600,450,1.3333333333333333,266.4345703125,3,.jpg,153.31239318847656,50.58966064453125,28.0,248.0,False,0.27
1307,train,600,450,1.3333333333333333,386.3193359375,3,.jpg,136.41978454589844,66.93994140625,0.0,255.0,False,0.27
3814,train,600,450,1.3333333333333333,223.80078125,3,.jpg,171.51539611816406,29.025360107421875,0.0,247.0,False,0.27
1654,train,600,450,1.3333333333333333,236.04296875,3,.jpg,160.4625244140625,33.8773078918457,31.0,255.0,False,0.27
6227,train,600,450,1.3333333333333333,211.4140625,3,.jpg,139.43051147460938,18.66242218017578,50.0,218.0,False,0.27
4554,train,600,450,1.3333333333333333,259.826171875,3,.jpg,129.6503143310547,32.86099624633789,32.0,208.0,False,0.27
7428,train,600,450,1.3333333333333333,326.7109375,3,.jpg,150.8121795654297,51.41707992553711,14.0,255.0,False,0.27
5977,train,600,450,1.3333333333333333,296.2607421875,3,.jpg,174.80429077148438,30.84292221069336,32.0,245.0,False,0.27
2664,train,600,450,1.3333333333333333,206.283203125,3,.jpg,169.9920196533203,33.33749771118164,29.0,232.0,False,0.27
6065,train,600,450,1.3333333333333333,204.974609375,3,.jpg,162.1790313720703,31.43854331970215,12.0,212.0,False,0.27
5820,train,600,450,1.3333333333333333,336.26171875,3,.jpg,183.47573852539062,51.84823226928711,9.0,255.0,False,0.27
3432,train,600,450,1.3333333333333333,301.77734375,3,.jpg,145.58399963378906,28.973920822143555,27.0,221.0,False,0.27
4374,train,600,450,1.3333333333333333,309.0,3,.jpg,168.43470764160156,33.84828186035156,13.0,227.0,False,0.27
1169,train,600,450,1.3333333333333333,271.8818359375,3,.jpg,141.88221740722656,44.15870666503906,19.0,236.0,False,0.27
9980,train,600,450,1.3333333333333333,275.9716796875,3,.jpg,125.17254638671875,47.57777786254883,0.0,242.0,False,0.27
2803,train,600,450,1.3333333333333333,200.98046875,3,.jpg,162.7384033203125,21.042409896850586,29.0,239.0,False,0.27
8751,train,600,450,1.3333333333333333,210.9970703125,3,.jpg,154.35867309570312,42.15745162963867,4.0,249.0,False,0.27
4010,train,600,450,1.3333333333333333,228.8583984375,3,.jpg,180.6424560546875,30.41634750366211,1.0,244.0,False,0.27
2677,train,600,450,1.3333333333333333,261.6083984375,3,.jpg,164.71653747558594,55.27216720581055,25.0,253.0,False,0.27
7573,train,600,450,1.3333333333333333,275.8837890625,3,.jpg,135.49057006835938,56.17030715942383,13.0,244.0,False,0.27
6216,train,600,450,1.3333333333333333,326.373046875,3,.jpg,157.48794555664062,48.664371490478516,0.0,255.0,False,0.27
4422,train,600,450,1.3333333333333333,268.1748046875,3,.jpg,167.918701171875,33.21377944946289,52.0,255.0,False,0.27
9125,train,600,450,1.3333333333333333,257.1240234375,3,.jpg,157.31393432617188,34.31290054321289,30.0,255.0,False,0.27
3598,train,600,450,1.3333333333333333,265.533203125,3,.jpg,160.74855041503906,39.13813018798828,2.0,222.0,False,0.27
5313,train,600,450,1.3333333333333333,329.537109375,3,.jpg,134.3248291015625,43.827674865722656,0.0,231.0,False,0.27
916,train,600,450,1.3333333333333333,250.7568359375,3,.jpg,137.94981384277344,26.609403610229492,42.0,255.0,False,0.27
3752,train,600,450,1.3333333333333333,266.158203125,3,.jpg,171.02191162109375,44.37400817871094,31.0,252.0,False,0.27
525,train,600,450,1.3333333333333333,258.333984375,3,.jpg,155.5817108154297,16.513402938842773,5.0,200.0,False,0.27
5168,train,600,450,1.3333333333333333,289.5849609375,3,.jpg,129.18374633789062,22.686445236206055,0.0,209.0,False,0.27
6572,train,600,450,1.3333333333333333,283.90234375,3,.jpg,115.56880187988281,58.07639694213867,8.0,237.0,False,0.27
4386,train,600,450,1.3333333333333333,256.5283203125,3,.jpg,190.22804260253906,41.967323303222656,7.0,255.0,False,0.27
1084,train,600,450,1.3333333333333333,272.255859375,3,.jpg,135.7881317138672,48.65507507324219,22.0,248.0,False,0.27
3456,train,600,450,1.3333333333333333,260.513671875,3,.jpg,164.92625427246094,48.841434478759766,21.0,251.0,False,0.27
9292,train,600,450,1.3333333333333333,245.4267578125,3,.jpg,213.5908966064453,29.9019718170166,16.0,254.0,False,0.27
5155,train,600,450,1.3333333333333333,262.0419921875,3,.jpg,155.0565185546875,38.32134246826172,38.0,238.0,False,0.27
3483,train,600,450,1.3333333333333333,176.5419921875,3,.jpg,149.1219940185547,26.81818962097168,9.0,199.0,False,0.27
8179,train,600,450,1.3333333333333333,265.1904296875,3,.jpg,162.7644805908203,54.592506408691406,17.0,252.0,False,0.27
6482,train,600,450,1.3333333333333333,277.40625,3,.jpg,128.59646606445312,55.807762145996094,14.0,248.0,False,0.27
7517,train,600,450,1.3333333333333333,279.0283203125,3,.jpg,162.32894897460938,28.933555603027344,33.0,255.0,False,0.27
2340,train,600,450,1.3333333333333333,275.76171875,3,.jpg,129.57064819335938,51.49236297607422,31.0,251.0,False,0.27
4339,train,600,450,1.3333333333333333,264.341796875,3,.jpg,190.79525756835938,39.44160079956055,55.0,255.0,False,0.27
2287,train,600,450,1.3333333333333333,282.4580078125,3,.jpg,170.24990844726562,37.30787658691406,16.0,255.0,False,0.27
4040,train,600,450,1.3333333333333333,215.724609375,3,.jpg,181.9243621826172,24.116455078125,46.0,224.0,False,0.27
9197,train,600,450,1.3333333333333333,214.2919921875,3,.jpg,165.09243774414062,35.3865852355957,7.0,219.0,False,0.27
8830,train,600,450,1.3333333333333333,159.267578125,3,.jpg,148.35687255859375,22.5921573638916,41.0,208.0,False,0.27
4304,train,600,450,1.3333333333333333,275.3994140625,3,.jpg,188.8795623779297,52.5635871887207,11.0,255.0,False,0.27
9577,train,600,450,1.3333333333333333,314.712890625,3,.jpg,132.2410888671875,40.19865798950195,0.0,205.0,False,0.27
7019,train,600,450,1.3333333333333333,249.25,3,.jpg,163.8607635498047,41.977970123291016,15.0,243.0,False,0.27
9560,train,600,450,1.3333333333333333,331.1484375,3,.jpg,173.57803344726562,37.44547653198242,0.0,255.0,False,0.27
6543,train,600,450,1.3333333333333333,244.7958984375,3,.jpg,170.39938354492188,27.341339111328125,43.0,221.0,False,0.27
5930,train,600,450,1.3333333333333333,290.921875,3,.jpg,118.31922149658203,56.401187896728516,11.0,239.0,False,0.27
3593,train,600,450,1.3333333333333333,308.953125,3,.jpg,130.456787109375,55.14912414550781,10.0,246.0,False,0.27
2266,train,600,450,1.3333333333333333,261.033203125,3,.jpg,174.48126220703125,51.85157775878906,24.0,253.0,False,0.27
8348,train,600,450,1.3333333333333333,331.1767578125,3,.jpg,158.84877014160156,33.78078079223633,5.0,255.0,False,0.27
8085,train,600,450,1.3333333333333333,341.0244140625,3,.jpg,130.0362091064453,51.11016845703125,1.0,255.0,False,0.27
1489,train,600,450,1.3333333333333333,312.9033203125,3,.jpg,147.93484497070312,33.712890625,0.0,255.0,False,0.27
771,train,600,450,1.3333333333333333,265.6083984375,3,.jpg,142.57432556152344,56.20612716674805,16.0,248.0,False,0.27
1796,train,600,450,1.3333333333333333,258.61328125,3,.jpg,173.06820678710938,43.32045364379883,44.0,250.0,False,0.27
2504,train,600,450,1.3333333333333333,232.6337890625,3,.jpg,157.6112060546875,34.056461334228516,16.0,229.0,False,0.27
2621,train,600,450,1.3333333333333333,243.3515625,3,.jpg,184.12513732910156,24.144027709960938,23.0,236.0,False,0.27
6916,train,600,450,1.3333333333333333,275.65625,3,.jpg,175.99465942382812,46.92396926879883,0.0,255.0,False,0.27
9771,train,600,450,1.3333333333333333,306.05859375,3,.jpg,122.41898345947266,47.4070930480957,0.0,220.0,False,0.27
1040,train,600,450,1.3333333333333333,204.6943359375,3,.jpg,148.51828002929688,26.419158935546875,0.0,187.0,False,0.27
6304,train,600,450,1.3333333333333333,266.869140625,3,.jpg,144.74681091308594,52.776405334472656,4.0,255.0,False,0.27
6252,train,600,450,1.3333333333333333,268.6787109375,3,.jpg,156.38009643554688,49.3956413269043,22.0,249.0,False,0.27
9763,train,600,450,1.3333333333333333,255.4375,3,.jpg,153.60020446777344,23.03095054626465,24.0,201.0,False,0.27
7668,train,600,450,1.3333333333333333,332.685546875,3,.jpg,152.97708129882812,50.105979919433594,0.0,255.0,False,0.27
8669,train,600,450,1.3333333333333333,315.634765625,3,.jpg,149.62477111816406,65.41345977783203,20.0,255.0,False,0.27
4119,train,600,450,1.3333333333333333,294.3837890625,3,.jpg,133.1486358642578,59.00041580200195,0.0,255.0,False,0.27
9064,train,600,450,1.3333333333333333,249.421875,3,.jpg,150.00685119628906,26.1241397857666,14.0,197.0,False,0.27
188,train,600,450,1.3333333333333333,217.521484375,3,.jpg,179.6010284423828,63.335105895996094,2.0,255.0,False,0.27
1876,train,600,450,1.3333333333333333,280.0576171875,3,.jpg,202.25791931152344,30.64019775390625,0.0,255.0,False,0.27
8797,train,600,450,1.3333333333333333,204.1484375,3,.jpg,157.19578552246094,43.49525833129883,0.0,255.0,False,0.27
4371,train,600,450,1.3333333333333333,307.9697265625,3,.jpg,164.435302734375,41.34378433227539,0.0,252.0,False,0.27
5573,train,600,450,1.3333333333333333,310.6201171875,3,.jpg,154.83961486816406,34.61394119262695,0.0,238.0,False,0.27
1827,train,600,450,1.3333333333333333,242.228515625,3,.jpg,160.9432373046875,43.393226623535156,0.0,219.0,False,0.27
4808,train,600,450,1.3333333333333333,253.755859375,3,.jpg,166.19564819335938,49.984275817871094,27.0,251.0,False,0.27
7123,train,600,450,1.3333333333333333,247.365234375,3,.jpg,164.30751037597656,39.10553741455078,21.0,255.0,False,0.27
2591,train,600,450,1.3333333333333333,218.0634765625,3,.jpg,196.11097717285156,57.16824722290039,0.0,255.0,False,0.27
7433,train,600,450,1.3333333333333333,259.619140625,3,.jpg,179.3982391357422,44.977203369140625,38.0,252.0,False,0.27
53,train,600,450,1.3333333333333333,290.119140625,3,.jpg,123.8078842163086,54.92436981201172,10.0,241.0,False,0.27
4315,train,600,450,1.3333333333333333,239.654296875,3,.jpg,178.01609802246094,27.964649200439453,34.0,255.0,False,0.27
8201,train,600,450,1.3333333333333333,266.3251953125,3,.jpg,149.1602020263672,60.7591667175293,8.0,253.0,False,0.27
2927,train,600,450,1.3333333333333333,264.126953125,3,.jpg,160.34347534179688,47.13075637817383,25.0,254.0,False,0.27
8317,train,600,450,1.3333333333333333,268.513671875,3,.jpg,164.8207550048828,40.411991119384766,26.0,218.0,False,0.27
1743,train,600,450,1.3333333333333333,308.9990234375,3,.jpg,147.56661987304688,63.36967468261719,0.0,255.0,False,0.27
4889,train,600,450,1.3333333333333333,315.740234375,3,.jpg,136.2138214111328,43.199005126953125,6.0,236.0,False,0.27
9977,train,600,450,1.3333333333333333,292.6591796875,3,.jpg,142.9014434814453,24.765117645263672,1.0,225.0,False,0.27
3258,train,600,450,1.3333333333333333,384.314453125,3,.jpg,157.20480346679688,54.43537139892578,0.0,255.0,False,0.27
6126,train,600,450,1.3333333333333333,279.681640625,3,.jpg,146.5999755859375,38.74836349487305,6.0,204.0,False,0.27
2646,train,600,450,1.3333333333333333,258.7314453125,3,.jpg,182.31808471679688,33.883792877197266,29.0,252.0,False,0.27
8837,train,600,450,1.3333333333333333,313.19140625,3,.jpg,149.3507080078125,36.18878936767578,20.0,255.0,False,0.27
8689,train,600,450,1.3333333333333333,289.8798828125,3,.jpg,164.6747283935547,37.64607620239258,27.0,231.0,False,0.27
9,train,600,450,1.3333333333333333,295.59765625,3,.jpg,148.4940643310547,32.003177642822266,3.0,243.0,False,0.27
9813,train,600,450,1.3333333333333333,345.1669921875,3,.jpg,164.51919555664062,39.32120132446289,14.0,254.0,False,0.27
5310,train,600,450,1.3333333333333333,254.6611328125,3,.jpg,173.11273193359375,50.9731330871582,23.0,252.0,False,0.27
8005,train,600,450,1.3333333333333333,170.5908203125,3,.jpg,164.361328125,44.786197662353516,9.0,216.0,False,0.27
319,train,600,450,1.3333333333333333,261.7861328125,3,.jpg,161.73544311523438,59.48674011230469,11.0,252.0,False,0.27
1832,train,600,450,1.3333333333333333,276.0517578125,3,.jpg,179.68618774414062,28.9802188873291,57.0,235.0,False,0.27
5947,train,600,450,1.3333333333333333,262.8857421875,3,.jpg,177.7277374267578,26.83405113220215,15.0,223.0,False,0.27
5038,train,600,450,1.3333333333333333,183.3642578125,3,.jpg,179.46478271484375,26.651639938354492,0.0,223.0,False,0.27
3923,train,600,450,1.3333333333333333,258.666015625,3,.jpg,130.25454711914062,23.834794998168945,0.0,192.0,False,0.27
949,train,600,450,1.3333333333333333,341.9140625,3,.jpg,145.95474243164062,52.298912048339844,0.0,255.0,False,0.27
3946,train,600,450,1.3333333333333333,272.26953125,3,.jpg,140.87501525878906,66.73185729980469,0.0,240.0,False,0.27
9295,train,600,450,1.3333333333333333,276.88671875,3,.jpg,133.60922241210938,52.79862594604492,2.0,219.0,False,0.27
1290,train,600,450,1.3333333333333333,308.7724609375,3,.jpg,178.2429962158203,32.220985412597656,19.0,251.0,False,0.27
1403,train,600,450,1.3333333333333333,245.4296875,3,.jpg,145.6800994873047,38.332481384277344,24.0,214.0,False,0.27
7962,train,600,450,1.3333333333333333,279.3818359375,3,.jpg,162.7692108154297,36.80120849609375,29.0,251.0,False,0.27
1133,train,600,450,1.3333333333333333,276.794921875,3,.jpg,142.56861877441406,54.32011032104492,6.0,255.0,False,0.27
8727,train,600,450,1.3333333333333333,202.375,3,.jpg,162.24282836914062,30.16571044921875,9.0,214.0,False,0.27
2060,train,600,450,1.3333333333333333,351.7841796875,3,.jpg,121.62591552734375,48.929588317871094,0.0,249.0,False,0.27
2103,train,600,450,1.3333333333333333,323.1005859375,3,.jpg,139.5714111328125,30.02103614807129,0.0,250.0,False,0.27
7787,train,600,450,1.3333333333333333,263.9140625,3,.jpg,158.60507202148438,44.112483978271484,11.0,249.0,False,0.27
9007,train,600,450,1.3333333333333333,285.1435546875,3,.jpg,147.7158966064453,31.337804794311523,13.0,229.0,False,0.27
2705,train,600,450,1.3333333333333333,269.1181640625,3,.jpg,146.58018493652344,58.3884162902832,16.0,250.0,False,0.27
4342,train,600,450,1.3333333333333333,252.9990234375,3,.jpg,178.9540557861328,31.723806381225586,7.0,255.0,False,0.27
8645,train,600,450,1.3333333333333333,281.3330078125,3,.jpg,161.24302673339844,26.20622444152832,15.0,224.0,False,0.27
9938,train,600,450,1.3333333333333333,296.806640625,3,.jpg,160.91139221191406,30.185197830200195,8.0,232.0,False,0.27
6932,train,600,450,1.3333333333333333,243.1044921875,3,.jpg,129.53419494628906,46.85873031616211,0.0,255.0,False,0.27
3470,train,600,450,1.3333333333333333,273.7607421875,3,.jpg,142.9409942626953,39.54966735839844,0.0,236.0,False,0.27
8835,train,600,450,1.3333333333333333,274.92578125,3,.jpg,155.2025604248047,39.371604919433594,27.0,240.0,False,0.27
3295,train,600,450,1.3333333333333333,198.330078125,3,.jpg,167.70455932617188,24.970796585083008,9.0,223.0,False,0.27
5107,train,600,450,1.3333333333333333,339.8896484375,3,.jpg,127.75511932373047,55.26343536376953,6.0,233.0,False,0.27
6537,train,600,450,1.3333333333333333,241.0927734375,3,.jpg,202.9290008544922,41.61789321899414,0.0,248.0,False,0.27
6118,train,600,450,1.3333333333333333,268.01171875,3,.jpg,169.86788940429688,49.82408905029297,16.0,253.0,False,0.27
7177,train,600,450,1.3333333333333333,151.4521484375,3,.jpg,177.47372436523438,17.58700942993164,38.0,211.0,False,0.27
8479,train,600,450,1.3333333333333333,256.3427734375,3,.jpg,133.1553955078125,52.134559631347656,0.0,222.0,False,0.27
7397,train,600,450,1.3333333333333333,268.7958984375,3,.jpg,169.63973999023438,53.961708068847656,32.0,255.0,False,0.27
1982,train,600,450,1.3333333333333333,250.6708984375,3,.jpg,190.33740234375,38.86625289916992,70.0,253.0,False,0.27
4061,train,600,450,1.3333333333333333,199.8359375,3,.jpg,151.5929718017578,21.24581527709961,12.0,222.0,False,0.27
3681,train,600,450,1.3333333333333333,351.0751953125,3,.jpg,173.52517700195312,33.75611114501953,9.0,255.0,False,0.27
1049,train,600,450,1.3333333333333333,249.1826171875,3,.jpg,134.40545654296875,57.01387405395508,12.0,235.0,False,0.27
5539,train,600,450,1.3333333333333333,243.037109375,3,.jpg,178.0166473388672,31.675615310668945,10.0,237.0,False,0.27
344,train,600,450,1.3333333333333333,271.3818359375,3,.jpg,164.6250762939453,53.75945281982422,12.0,255.0,False,0.27
9638,train,600,450,1.3333333333333333,259.046875,3,.jpg,120.87305450439453,49.835350036621094,0.0,229.0,False,0.27
9075,train,600,450,1.3333333333333333,270.1298828125,3,.jpg,146.2506866455078,35.59479522705078,9.0,212.0,False,0.27
3770,train,600,450,1.3333333333333333,250.8095703125,3,.jpg,163.959716796875,27.910789489746094,18.0,254.0,False,0.27
9641,train,600,450,1.3333333333333333,337.3720703125,3,.jpg,172.69412231445312,28.034713745117188,6.0,255.0,False,0.27
3608,train,600,450,1.3333333333333333,260.4951171875,3,.jpg,168.92770385742188,49.39334487915039,30.0,254.0,False,0.27
117,train,600,450,1.3333333333333333,266.953125,3,.jpg,148.8292236328125,45.12053298950195,22.0,249.0,False,0.27
1163,train,600,450,1.3333333333333333,295.359375,3,.jpg,132.8688507080078,45.51872634887695,0.0,255.0,False,0.27
964,train,600,450,1.3333333333333333,269.3369140625,3,.jpg,165.44058227539062,44.57746505737305,24.0,252.0,False,0.27
3750,train,600,450,1.3333333333333333,250.591796875,3,.jpg,182.92247009277344,38.874786376953125,27.0,255.0,False,0.27
1104,train,600,450,1.3333333333333333,163.349609375,3,.jpg,163.58279418945312,22.108362197875977,1.0,207.0,False,0.27
514,train,600,450,1.3333333333333333,269.7958984375,3,.jpg,156.4856719970703,53.91873550415039,22.0,255.0,False,0.27
5413,train,600,450,1.3333333333333333,119.9873046875,3,.jpg,197.9207305908203,45.365814208984375,14.0,253.0,False,0.27
1160,train,600,450,1.3333333333333333,242.9140625,3,.jpg,157.38253784179688,21.054630279541016,3.0,255.0,False,0.27
8423,train,600,450,1.3333333333333333,250.6552734375,3,.jpg,158.16993713378906,22.9088191986084,47.0,197.0,False,0.27
3899,train,600,450,1.3333333333333333,209.203125,3,.jpg,178.92724609375,25.37298011779785,23.0,222.0,False,0.27
4562,train,600,450,1.3333333333333333,275.2216796875,3,.jpg,186.6212615966797,38.45172119140625,38.0,255.0,False,0.27
7953,train,600,450,1.3333333333333333,273.369140625,3,.jpg,167.18783569335938,47.837120056152344,29.0,250.0,False,0.27
3510,train,600,450,1.3333333333333333,330.6298828125,3,.jpg,148.73342895507812,45.36980056762695,3.0,242.0,False,0.27
8834,train,600,450,1.3333333333333333,281.658203125,3,.jpg,158.84600830078125,44.8901481628418,5.0,220.0,False,0.27
2167,train,600,450,1.3333333333333333,276.150390625,3,.jpg,186.77444458007812,27.106739044189453,0.0,241.0,False,0.27
9355,train,600,450,1.3333333333333333,180.2333984375,3,.jpg,173.82846069335938,24.525043487548828,32.0,246.0,False,0.27
9440,train,600,450,1.3333333333333333,342.9072265625,3,.jpg,169.77259826660156,30.649202346801758,22.0,255.0,False,0.27
7744,train,600,450,1.3333333333333333,254.859375,3,.jpg,172.34103393554688,49.6747932434082,28.0,253.0,False,0.27
3981,train,600,450,1.3333333333333333,235.734375,3,.jpg,191.06785583496094,48.22816848754883,0.0,248.0,False,0.27
7749,train,600,450,1.3333333333333333,252.0283203125,3,.jpg,151.5820770263672,34.30839157104492,2.0,218.0,False,0.27
6669,train,600,450,1.3333333333333333,255.333984375,3,.jpg,186.25985717773438,38.93836975097656,41.0,254.0,False,0.27
3119,train,600,450,1.3333333333333333,230.0498046875,3,.jpg,167.1901397705078,27.46656036376953,27.0,218.0,False,0.27
1545,train,600,450,1.3333333333333333,314.716796875,3,.jpg,131.13587951660156,62.945457458496094,0.0,255.0,False,0.27
1588,train,600,450,1.3333333333333333,270.3701171875,3,.jpg,157.91049194335938,38.98182678222656,19.0,233.0,False,0.27
7062,train,600,450,1.3333333333333333,278.2822265625,3,.jpg,142.48291015625,26.990488052368164,0.0,237.0,False,0.27
5804,train,600,450,1.3333333333333333,321.84765625,3,.jpg,129.87081909179688,41.421451568603516,0.0,214.0,False,0.27
6939,train,600,450,1.3333333333333333,254.380859375,3,.jpg,155.66720581054688,27.094091415405273,56.0,213.0,False,0.27
6735,train,600,450,1.3333333333333333,253.5283203125,3,.jpg,159.2403564453125,28.929441452026367,14.0,255.0,False,0.27
7651,train,600,450,1.3333333333333333,213.2578125,3,.jpg,166.259765625,37.11112976074219,8.0,236.0,False,0.27
887,train,600,450,1.3333333333333333,206.4658203125,3,.jpg,175.63656616210938,15.161372184753418,19.0,235.0,False,0.27
1612,train,600,450,1.3333333333333333,248.982421875,3,.jpg,149.78939819335938,20.892730712890625,0.0,197.0,False,0.27
993,train,600,450,1.3333333333333333,173.4462890625,3,.jpg,184.13018798828125,28.400840759277344,12.0,225.0,False,0.27
6596,train,600,450,1.3333333333333333,265.798828125,3,.jpg,164.62522888183594,49.16353225708008,6.0,253.0,False,0.27
5559,train,600,450,1.3333333333333333,245.3896484375,3,.jpg,147.6649932861328,38.6776237487793,23.0,255.0,False,0.27
1790,train,600,450,1.3333333333333333,198.3798828125,3,.jpg,148.73703002929688,40.51516342163086,9.0,208.0,False,0.27
4073,train,600,450,1.3333333333333333,275.830078125,3,.jpg,165.10557556152344,50.74094772338867,24.0,252.0,False,0.27
3139,train,600,450,1.3333333333333333,295.4296875,3,.jpg,122.70712280273438,54.71117401123047,6.0,243.0,False,0.27
3116,train,600,450,1.3333333333333333,284.931640625,3,.jpg,157.66648864746094,45.45792770385742,35.0,246.0,False,0.27
8786,train,600,450,1.3333333333333333,321.3720703125,3,.jpg,167.22044372558594,37.24721145629883,6.0,255.0,False,0.27
7350,train,600,450,1.3333333333333333,281.357421875,3,.jpg,149.83555603027344,49.37385940551758,22.0,252.0,False,0.27
2296,train,600,450,1.3333333333333333,268.1884765625,3,.jpg,136.39846801757812,53.70016860961914,13.0,245.0,False,0.27
6912,train,600,450,1.3333333333333333,259.8193359375,3,.jpg,127.27684020996094,51.41566848754883,0.0,235.0,False,0.27
3006,train,600,450,1.3333333333333333,221.521484375,3,.jpg,161.60128784179688,17.211793899536133,40.0,192.0,False,0.27
4563,train,600,450,1.3333333333333333,345.1181640625,3,.jpg,155.60885620117188,43.67705154418945,0.0,255.0,False,0.27
7579,train,600,450,1.3333333333333333,263.7734375,3,.jpg,167.21328735351562,38.271018981933594,42.0,251.0,False,0.27
4092,train,600,450,1.3333333333333333,267.767578125,3,.jpg,159.91128540039062,52.10185241699219,32.0,253.0,False,0.27
1235,train,600,450,1.3333333333333333,193.572265625,3,.jpg,178.7835235595703,26.5393009185791,52.0,226.0,False,0.27
7260,train,600,450,1.3333333333333333,289.4501953125,3,.jpg,157.31253051757812,38.05803298950195,17.0,243.0,False,0.27
9016,train,600,450,1.3333333333333333,322.921875,3,.jpg,142.86451721191406,29.621288299560547,15.0,214.0,False,0.27
1604,train,600,450,1.3333333333333333,336.0751953125,3,.jpg,149.24151611328125,45.98690414428711,38.0,255.0,False,0.27
828,train,600,450,1.3333333333333333,266.12109375,3,.jpg,175.4503936767578,34.281734466552734,23.0,247.0,False,0.27
8856,train,600,450,1.3333333333333333,297.8720703125,3,.jpg,155.27951049804688,63.338417053222656,16.0,239.0,False,0.27
241,train,600,450,1.3333333333333333,257.560546875,3,.jpg,176.3621368408203,32.48503494262695,33.0,228.0,False,0.27
1528,train,600,450,1.3333333333333333,310.8564453125,3,.jpg,160.4495849609375,38.490814208984375,34.0,254.0,False,0.27
3872,train,600,450,1.3333333333333333,274.7412109375,3,.jpg,150.1988525390625,53.68758773803711,19.0,252.0,False,0.27
2724,train,600,450,1.3333333333333333,287.0146484375,3,.jpg,149.66522216796875,39.003047943115234,0.0,225.0,False,0.27
6658,train,600,450,1.3333333333333333,236.5126953125,3,.jpg,175.81704711914062,18.883676528930664,41.0,218.0,False,0.27
7956,train,600,450,1.3333333333333333,273.8759765625,3,.jpg,140.141357421875,49.8894157409668,17.0,254.0,False,0.27
7886,train,600,450,1.3333333333333333,258.044921875,3,.jpg,171.3007354736328,43.235191345214844,0.0,251.0,False,0.27
3502,train,600,450,1.3333333333333333,334.79296875,3,.jpg,127.06009674072266,59.73565673828125,0.0,254.0,False,0.27
6570,train,600,450,1.3333333333333333,200.021484375,3,.jpg,168.5590057373047,27.29462432861328,55.0,218.0,False,0.27
960,train,600,450,1.3333333333333333,277.0498046875,3,.jpg,175.6951446533203,35.58701705932617,14.0,249.0,False,0.27
2697,train,600,450,1.3333333333333333,262.7880859375,3,.jpg,132.6013641357422,44.27994918823242,1.0,255.0,False,0.27
6209,train,600,450,1.3333333333333333,273.9755859375,3,.jpg,160.31915283203125,48.169761657714844,13.0,251.0,False,0.27
35,train,600,450,1.3333333333333333,266.9990234375,3,.jpg,153.20777893066406,47.5146369934082,23.0,240.0,False,0.27
6396,train,600,450,1.3333333333333333,267.9287109375,3,.jpg,157.61734008789062,61.40915298461914,24.0,254.0,False,0.27
4345,train,600,450,1.3333333333333333,326.927734375,3,.jpg,161.41331481933594,46.55792999267578,48.0,255.0,False,0.27
7454,train,600,450,1.3333333333333333,284.84375,3,.jpg,146.42514038085938,56.17545700073242,20.0,251.0,False,0.27
4673,train,600,450,1.3333333333333333,271.4453125,3,.jpg,144.76824951171875,51.171546936035156,23.0,249.0,False,0.27
6930,train,600,450,1.3333333333333333,229.32421875,3,.jpg,196.40231323242188,31.01274299621582,15.0,255.0,False,0.27
9105,train,600,450,1.3333333333333333,254.7333984375,3,.jpg,160.36990356445312,18.8493709564209,3.0,207.0,False,0.27
7973,train,600,450,1.3333333333333333,158.6611328125,3,.jpg,165.79579162597656,19.95652198791504,24.0,210.0,False,0.27
2536,train,600,450,1.3333333333333333,255.52734375,3,.jpg,167.9088592529297,39.82933807373047,22.0,242.0,False,0.27
3111,train,600,450,1.3333333333333333,270.369140625,3,.jpg,156.16261291503906,59.19405746459961,12.0,254.0,False,0.27
4861,train,600,450,1.3333333333333333,263.798828125,3,.jpg,168.6986846923828,51.74336624145508,32.0,255.0,False,0.27
3566,train,600,450,1.3333333333333333,302.0849609375,3,.jpg,176.287353515625,27.578401565551758,19.0,255.0,False,0.27
958,train,600,450,1.3333333333333333,222.958984375,3,.jpg,168.21327209472656,42.08308792114258,1.0,234.0,False,0.27
9489,train,600,450,1.3333333333333333,211.09765625,3,.jpg,147.14869689941406,50.556278228759766,6.0,215.0,False,0.27
8883,train,600,450,1.3333333333333333,248.892578125,3,.jpg,148.1500701904297,22.183507919311523,37.0,204.0,False,0.27
998,train,600,450,1.3333333333333333,276.4482421875,3,.jpg,171.01571655273438,43.27250671386719,19.0,254.0,False,0.27
5138,train,600,450,1.3333333333333333,251.3310546875,3,.jpg,173.5363311767578,39.441524505615234,47.0,251.0,False,0.27
936,train,600,450,1.3333333333333333,269.3974609375,3,.jpg,161.0250244140625,42.40564727783203,15.0,245.0,False,0.27
821,train,600,450,1.3333333333333333,252.892578125,3,.jpg,142.4434051513672,23.51894760131836,0.0,182.0,False,0.27
9571,train,600,450,1.3333333333333333,249.40234375,3,.jpg,169.50376892089844,15.161962509155273,42.0,224.0,False,0.27
7811,train,600,450,1.3333333333333333,279.109375,3,.jpg,164.9842529296875,44.88601303100586,46.0,250.0,False,0.27
8238,train,600,450,1.3333333333333333,318.7470703125,3,.jpg,132.5933074951172,44.29607009887695,8.0,243.0,False,0.27
8701,train,600,450,1.3333333333333333,305.1298828125,3,.jpg,159.83958435058594,45.64805603027344,27.0,255.0,False,0.27
2579,train,600,450,1.3333333333333333,257.0185546875,3,.jpg,174.77886962890625,34.01150131225586,6.0,216.0,False,0.27
931,train,600,450,1.3333333333333333,221.849609375,3,.jpg,184.1062774658203,32.49381637573242,0.0,230.0,False,0.27
8320,train,600,450,1.3333333333333333,272.2568359375,3,.jpg,154.38336181640625,33.24833679199219,8.0,239.0,False,0.27
1312,train,600,450,1.3333333333333333,324.728515625,3,.jpg,174.79537963867188,41.30130386352539,1.0,255.0,False,0.27
3044,train,600,450,1.3333333333333333,269.837890625,3,.jpg,155.41270446777344,36.796485900878906,0.0,218.0,False,0.27
1122,train,600,450,1.3333333333333333,261.4521484375,3,.jpg,145.5904541015625,23.213714599609375,8.0,198.0,False,0.27
9749,train,600,450,1.3333333333333333,274.95703125,3,.jpg,149.74168395996094,29.758514404296875,0.0,197.0,False,0.27
1113,train,600,450,1.3333333333333333,286.77734375,3,.jpg,178.8309783935547,24.070842742919922,13.0,242.0,False,0.27
3853,train,600,450,1.3333333333333333,248.8935546875,3,.jpg,156.01712036132812,26.064708709716797,5.0,210.0,False,0.27
6615,train,600,450,1.3333333333333333,268.1904296875,3,.jpg,135.2906494140625,53.972232818603516,13.0,253.0,False,0.27
1964,train,600,450,1.3333333333333333,297.0537109375,3,.jpg,180.137939453125,61.61906051635742,13.0,255.0,False,0.27
9333,train,600,450,1.3333333333333333,198.6083984375,3,.jpg,147.7010955810547,41.365665435791016,0.0,203.0,False,0.27
4033,train,600,450,1.3333333333333333,331.0185546875,3,.jpg,154.03627014160156,54.02996826171875,4.0,255.0,False,0.27
9485,train,600,450,1.3333333333333333,367.9033203125,3,.jpg,138.14471435546875,46.80162048339844,13.0,255.0,False,0.27
9740,train,600,450,1.3333333333333333,306.9560546875,3,.jpg,142.3336944580078,39.12512969970703,8.0,237.0,False,0.27
651,train,600,450,1.3333333333333333,251.88671875,3,.jpg,168.4515380859375,47.73624038696289,32.0,250.0,False,0.27
1343,train,600,450,1.3333333333333333,281.6494140625,3,.jpg,135.08700561523438,60.69263458251953,8.0,249.0,False,0.27
6868,train,600,450,1.3333333333333333,336.701171875,3,.jpg,140.7587127685547,57.715057373046875,16.0,255.0,False,0.27
9562,train,600,450,1.3333333333333333,262.1865234375,3,.jpg,189.8092803955078,37.05802917480469,35.0,245.0,False,0.27
9260,train,600,450,1.3333333333333333,188.2158203125,3,.jpg,150.4479522705078,39.003807067871094,13.0,210.0,False,0.27
8565,train,600,450,1.3333333333333333,268.75390625,3,.jpg,144.1483612060547,36.46176528930664,1.0,209.0,False,0.27
5183,train,600,450,1.3333333333333333,236.7626953125,3,.jpg,172.3682403564453,29.077112197875977,10.0,222.0,False,0.27
4272,train,600,450,1.3333333333333333,210.890625,3,.jpg,130.53656005859375,44.669864654541016,0.0,224.0,False,0.27
3346,train,600,450,1.3333333333333333,255.064453125,3,.jpg,148.03176879882812,26.4341983795166,0.0,209.0,False,0.27
5147,train,600,450,1.3333333333333333,328.5927734375,3,.jpg,151.8995361328125,24.76041603088379,8.0,234.0,False,0.27
3910,train,600,450,1.3333333333333333,186.03515625,3,.jpg,179.13670349121094,34.110721588134766,0.0,238.0,False,0.27
4351,train,600,450,1.3333333333333333,269.5185546875,3,.jpg,158.52224731445312,49.63010787963867,22.0,250.0,False,0.27
6484,train,600,450,1.3333333333333333,216.5673828125,3,.jpg,166.13426208496094,27.268171310424805,33.0,212.0,False,0.27
2144,train,600,450,1.3333333333333333,274.720703125,3,.jpg,148.80459594726562,60.00817108154297,14.0,252.0,False,0.27
4915,train,600,450,1.3333333333333333,249.068359375,3,.jpg,164.85720825195312,33.92741012573242,11.0,253.0,False,0.27
7491,train,600,450,1.3333333333333333,353.181640625,3,.jpg,117.18602752685547,54.27024459838867,0.0,254.0,False,0.27
5180,train,600,450,1.3333333333333333,275.060546875,3,.jpg,188.97244262695312,33.699493408203125,44.0,247.0,False,0.27
1188,train,600,450,1.3333333333333333,298.009765625,3,.jpg,145.3851318359375,50.541927337646484,13.0,244.0,False,0.27
152,train,600,450,1.3333333333333333,302.2509765625,3,.jpg,140.88345336914062,48.22662353515625,6.0,255.0,False,0.27
7508,train,600,450,1.3333333333333333,249.3134765625,3,.jpg,182.8852996826172,43.370872497558594,0.0,255.0,False,0.27
9224,train,600,450,1.3333333333333333,290.9375,3,.jpg,182.95504760742188,42.811424255371094,3.0,250.0,False,0.27
1638,train,600,450,1.3333333333333333,257.859375,3,.jpg,186.6422119140625,43.75966262817383,36.0,251.0,False,0.27
1200,train,600,450,1.3333333333333333,211.4169921875,3,.jpg,179.447998046875,33.74570846557617,0.0,230.0,False,0.27
8808,train,600,450,1.3333333333333333,302.2373046875,3,.jpg,160.4636993408203,63.53081512451172,6.0,255.0,False,0.27
3492,train,600,450,1.3333333333333333,126.9248046875,3,.jpg,176.73226928710938,26.65989875793457,44.0,221.0,False,0.27
8288,train,600,450,1.3333333333333333,280.6884765625,3,.jpg,166.16513061523438,26.38077163696289,33.0,220.0,False,0.27
2170,train,600,450,1.3333333333333333,323.83203125,3,.jpg,197.75086975097656,36.542884826660156,11.0,255.0,False,0.27
5718,train,600,450,1.3333333333333333,268.2568359375,3,.jpg,128.36639404296875,55.60243606567383,17.0,240.0,False,0.27
1127,train,600,450,1.3333333333333333,222.390625,3,.jpg,192.5006866455078,23.53091812133789,40.0,230.0,False,0.27
4002,train,600,450,1.3333333333333333,219.6533203125,3,.jpg,158.49903869628906,23.251502990722656,18.0,233.0,False,0.27
6054,train,600,450,1.3333333333333333,252.5927734375,3,.jpg,150.30101013183594,34.714935302734375,11.0,226.0,False,0.27
4669,train,600,450,1.3333333333333333,346.67578125,3,.jpg,153.14295959472656,52.71175003051758,0.0,255.0,False,0.27
2584,train,600,450,1.3333333333333333,301.3955078125,3,.jpg,179.24871826171875,21.77312469482422,26.0,244.0,False,0.27
7179,train,600,450,1.3333333333333333,238.166015625,3,.jpg,151.5959014892578,19.177997589111328,10.0,192.0,False,0.27
8900,train,600,450,1.3333333333333333,316.9208984375,3,.jpg,144.28494262695312,53.65742111206055,0.0,239.0,False,0.27
4956,train,600,450,1.3333333333333333,276.51953125,3,.jpg,148.02113342285156,42.758541107177734,19.0,252.0,False,0.27
8666,train,600,450,1.3333333333333333,332.1435546875,3,.jpg,146.5882568359375,51.03412628173828,16.0,255.0,False,0.27
128,train,600,450,1.3333333333333333,257.5947265625,3,.jpg,187.1887664794922,44.190670013427734,53.0,253.0,False,0.27
9086,train,600,450,1.3333333333333333,318.2919921875,3,.jpg,138.60011291503906,62.31295394897461,0.0,241.0,False,0.27
4905,train,600,450,1.3333333333333333,345.474609375,3,.jpg,151.4646453857422,57.59747314453125,0.0,255.0,False,0.27
1697,train,600,450,1.3333333333333333,266.533203125,3,.jpg,159.43177795410156,44.54475784301758,38.0,248.0,False,0.27
2200,train,600,450,1.3333333333333333,268.7998046875,3,.jpg,182.64041137695312,53.69132995605469,13.0,252.0,False,0.27
4333,train,600,450,1.3333333333333333,337.7880859375,3,.jpg,131.15647888183594,54.07261276245117,8.0,255.0,False,0.27
1891,train,600,450,1.3333333333333333,260.5419921875,3,.jpg,181.46046447753906,48.000404357910156,32.0,254.0,False,0.27
1753,train,600,450,1.3333333333333333,267.8447265625,3,.jpg,126.81236267089844,61.7834587097168,13.0,249.0,False,0.27
2546,train,600,450,1.3333333333333333,218.0859375,3,.jpg,178.96701049804688,41.01024627685547,2.0,248.0,False,0.27
4462,train,600,450,1.3333333333333333,321.1318359375,3,.jpg,165.3640899658203,42.51560974121094,44.0,255.0,False,0.27
4616,train,600,450,1.3333333333333333,282.0546875,3,.jpg,127.86756896972656,46.09477996826172,14.0,226.0,False,0.27
9909,train,600,450,1.3333333333333333,308.787109375,3,.jpg,155.26943969726562,53.94009017944336,0.0,220.0,False,0.27
3450,train,600,450,1.3333333333333333,164.8388671875,3,.jpg,168.05250549316406,20.630075454711914,19.0,206.0,False,0.27
5617,train,600,450,1.3333333333333333,283.2861328125,3,.jpg,126.26712799072266,55.49586486816406,19.0,249.0,False,0.27
3335,train,600,450,1.3333333333333333,254.6513671875,3,.jpg,185.74705505371094,37.89262008666992,62.0,253.0,False,0.27
4325,train,600,450,1.3333333333333333,233.2060546875,3,.jpg,169.80166625976562,33.86798095703125,0.0,233.0,False,0.27
8280,train,600,450,1.3333333333333333,348.1015625,3,.jpg,134.7044677734375,50.69550323486328,0.0,255.0,False,0.27
8004,train,600,450,1.3333333333333333,249.6552734375,3,.jpg,196.09356689453125,30.62765884399414,0.0,246.0,False,0.27
4114,train,600,450,1.3333333333333333,212.759765625,3,.jpg,124.62425994873047,29.925899505615234,9.0,182.0,False,0.27
832,train,600,450,1.3333333333333333,240.986328125,3,.jpg,189.5155487060547,41.21503829956055,46.0,253.0,False,0.27
1512,train,600,450,1.3333333333333333,211.451171875,3,.jpg,192.2805938720703,27.00818634033203,4.0,235.0,False,0.27
4533,train,600,450,1.3333333333333333,266.3388671875,3,.jpg,176.70941162109375,48.350711822509766,46.0,255.0,False,0.27
722,train,600,450,1.3333333333333333,343.4609375,3,.jpg,130.2582550048828,51.565513610839844,0.0,253.0,False,0.27
58,train,600,450,1.3333333333333333,336.919921875,3,.jpg,151.0517578125,45.24174118041992,16.0,255.0,False,0.27
5464,train,600,450,1.3333333333333333,268.6171875,3,.jpg,181.88458251953125,36.20261764526367,42.0,255.0,False,0.27
2143,train,600,450,1.3333333333333333,166.78515625,3,.jpg,208.02420043945312,31.344833374023438,21.0,255.0,False,0.27
4291,train,600,450,1.3333333333333333,334.025390625,3,.jpg,163.0363311767578,43.33237838745117,0.0,255.0,False,0.27
2647,train,600,450,1.3333333333333333,277.3955078125,3,.jpg,167.42611694335938,47.18901062011719,40.0,255.0,False,0.27
7239,train,600,450,1.3333333333333333,289.2109375,3,.jpg,151.9287567138672,38.146549224853516,4.0,250.0,False,0.27
9038,train,600,450,1.3333333333333333,344.404296875,3,.jpg,148.71395874023438,29.58904266357422,0.0,255.0,False,0.27
7007,train,600,450,1.3333333333333333,354.8876953125,3,.jpg,152.49488830566406,55.12431335449219,11.0,255.0,False,0.27
9189,train,600,450,1.3333333333333333,285.1943359375,3,.jpg,157.51568603515625,32.932525634765625,7.0,233.0,False,0.27
158,train,600,450,1.3333333333333333,272.7646484375,3,.jpg,162.29615783691406,52.10085678100586,30.0,252.0,False,0.27
1232,train,600,450,1.3333333333333333,285.990234375,3,.jpg,139.10406494140625,53.696598052978516,7.0,254.0,False,0.27
2442,train,600,450,1.3333333333333333,273.9072265625,3,.jpg,168.28515625,39.854347229003906,35.0,250.0,False,0.27
8938,train,600,450,1.3333333333333333,206.939453125,3,.jpg,140.58169555664062,26.98832893371582,31.0,222.0,False,0.27
590,train,600,450,1.3333333333333333,317.4189453125,3,.jpg,186.41380310058594,37.382049560546875,38.0,255.0,False,0.27
6049,train,600,450,1.3333333333333333,159.11328125,3,.jpg,148.5824432373047,37.2431640625,0.0,189.0,False,0.27
9543,train,600,450,1.3333333333333333,289.6533203125,3,.jpg,152.63558959960938,48.38478088378906,0.0,232.0,False,0.27
9052,train,600,450,1.3333333333333333,298.4560546875,3,.jpg,169.79861450195312,33.33522033691406,39.0,254.0,False,0.27
2426,train,600,450,1.3333333333333333,269.6982421875,3,.jpg,190.68942260742188,43.10027313232422,53.0,254.0,False,0.27
7041,train,600,450,1.3333333333333333,276.103515625,3,.jpg,146.5229034423828,58.98716354370117,20.0,252.0,False,0.27
2088,train,600,450,1.3333333333333333,247.509765625,3,.jpg,182.6235809326172,39.05303192138672,54.0,252.0,False,0.27
685,train,600,450,1.3333333333333333,263.9912109375,3,.jpg,165.9141082763672,51.272308349609375,27.0,252.0,False,0.27
5050,train,600,450,1.3333333333333333,270.1875,3,.jpg,174.56723022460938,44.52635192871094,24.0,252.0,False,0.27
5974,train,600,450,1.3333333333333333,259.4140625,3,.jpg,137.89315795898438,33.390804290771484,0.0,217.0,False,0.27
653,train,600,450,1.3333333333333333,190.3505859375,3,.jpg,178.28636169433594,34.03507614135742,0.0,232.0,False,0.27
5862,train,600,450,1.3333333333333333,358.501953125,3,.jpg,159.51722717285156,64.15162658691406,0.0,255.0,False,0.27
3441,train,600,450,1.3333333333333333,311.80078125,3,.jpg,161.44619750976562,43.916786193847656,46.0,255.0,False,0.27
4088,train,600,450,1.3333333333333333,265.8935546875,3,.jpg,156.9227752685547,46.127498626708984,22.0,254.0,False,0.27
1684,train,600,450,1.3333333333333333,290.7958984375,3,.jpg,190.71844482421875,40.49482345581055,23.0,255.0,False,0.27
5794,train,600,450,1.3333333333333333,276.1064453125,3,.jpg,152.69732666015625,49.68383026123047,10.0,243.0,False,0.27
9173,train,600,450,1.3333333333333333,344.5498046875,3,.jpg,128.37269592285156,45.59917449951172,0.0,254.0,False,0.27
2532,train,600,450,1.3333333333333333,253.17578125,3,.jpg,183.04403686523438,40.27381896972656,23.0,252.0,False,0.27
3878,train,600,450,1.3333333333333333,327.1923828125,3,.jpg,136.4539031982422,53.018863677978516,11.0,250.0,False,0.27
2662,train,600,450,1.3333333333333333,203.2470703125,3,.jpg,154.8531036376953,28.833755493164062,7.0,220.0,False,0.27
2900,train,600,450,1.3333333333333333,246.15234375,3,.jpg,177.8809356689453,48.376792907714844,26.0,252.0,False,0.27
6755,train,600,450,1.3333333333333333,285.796875,3,.jpg,149.84194946289062,29.0572452545166,0.0,210.0,False,0.27
406,train,600,450,1.3333333333333333,245.1171875,3,.jpg,171.89842224121094,37.33195495605469,0.0,232.0,False,0.27
2938,train,600,450,1.3333333333333333,254.1845703125,3,.jpg,142.3162078857422,28.82349967956543,11.0,210.0,False,0.27
5442,train,600,450,1.3333333333333333,266.2890625,3,.jpg,160.1856231689453,54.15558624267578,25.0,252.0,False,0.27
6745,train,600,450,1.3333333333333333,348.2890625,3,.jpg,171.45729064941406,52.05999755859375,4.0,255.0,False,0.27
4065,train,600,450,1.3333333333333333,266.5166015625,3,.jpg,153.45103454589844,25.950897216796875,22.0,200.0,False,0.27
2608,train,600,450,1.3333333333333333,341.5712890625,3,.jpg,149.41152954101562,49.800025939941406,19.0,255.0,False,0.27
1771,train,600,450,1.3333333333333333,273.8837890625,3,.jpg,193.6434783935547,36.77457809448242,62.0,255.0,False,0.27
6267,train,600,450,1.3333333333333333,336.8779296875,3,.jpg,146.5234375,49.44227600097656,9.0,255.0,False,0.27
634,train,600,450,1.3333333333333333,320.345703125,3,.jpg,174.36558532714844,55.75495147705078,0.0,255.0,False,0.27
7711,train,600,450,1.3333333333333333,317.287109375,3,.jpg,168.6569061279297,43.2509765625,0.0,255.0,False,0.27
3644,train,600,450,1.3333333333333333,162.986328125,3,.jpg,156.5725555419922,39.076515197753906,39.0,233.0,False,0.27
3269,train,600,450,1.3333333333333333,333.666015625,3,.jpg,140.14122009277344,43.09829330444336,14.0,255.0,False,0.27
7541,train,600,450,1.3333333333333333,273.044921875,3,.jpg,190.36558532714844,41.03946304321289,31.0,254.0,False,0.27
5728,train,600,450,1.3333333333333333,324.201171875,3,.jpg,170.1322479248047,48.603511810302734,28.0,255.0,False,0.27
5000,train,600,450,1.3333333333333333,225.82421875,3,.jpg,133.15785217285156,41.65512466430664,0.0,255.0,False,0.27
3728,train,600,450,1.3333333333333333,344.2734375,3,.jpg,147.36370849609375,52.42878723144531,1.0,255.0,False,0.27
3652,train,600,450,1.3333333333333333,297.25390625,3,.jpg,188.75326538085938,38.98490524291992,10.0,255.0,False,0.27
387,train,600,450,1.3333333333333333,267.7421875,3,.jpg,169.10031127929688,44.22918701171875,90.0,253.0,False,0.27
3164,train,600,450,1.3333333333333333,184.9599609375,3,.jpg,172.25814819335938,17.72793197631836,18.0,208.0,False,0.27
6528,train,600,450,1.3333333333333333,267.0380859375,3,.jpg,169.56573486328125,54.336090087890625,19.0,253.0,False,0.27
5378,train,600,450,1.3333333333333333,265.7236328125,3,.jpg,160.6100311279297,43.59706497192383,38.0,243.0,False,0.27
4564,train,600,450,1.3333333333333333,257.7080078125,3,.jpg,154.10818481445312,31.057785034179688,17.0,225.0,False,0.27
1137,train,600,450,1.3333333333333333,265.66015625,3,.jpg,188.95278930664062,47.23902893066406,0.0,250.0,False,0.27
4573,train,600,450,1.3333333333333333,316.6513671875,3,.jpg,197.3086395263672,37.976722717285156,29.0,255.0,False,0.27
5753,train,600,450,1.3333333333333333,345.80859375,3,.jpg,155.8539581298828,29.232078552246094,23.0,243.0,False,0.27
8346,train,600,450,1.3333333333333333,291.15234375,3,.jpg,177.53697204589844,24.82917022705078,41.0,255.0,False,0.27
6548,train,600,450,1.3333333333333333,272.2939453125,3,.jpg,167.14834594726562,45.73295974731445,34.0,250.0,False,0.27
8785,train,600,450,1.3333333333333333,209.7294921875,3,.jpg,128.14805603027344,49.02024841308594,0.0,232.0,False,0.27
5425,train,600,450,1.3333333333333333,309.6640625,3,.jpg,141.1468505859375,39.52722930908203,29.0,233.0,False,0.27
452,train,600,450,1.3333333333333333,211.3583984375,3,.jpg,167.30613708496094,17.904159545898438,49.0,228.0,False,0.27
1889,train,600,450,1.3333333333333333,283.4921875,3,.jpg,147.58755493164062,55.318382263183594,35.0,255.0,False,0.27
4279,train,600,450,1.3333333333333333,239.3779296875,3,.jpg,179.4440460205078,37.62239456176758,4.0,229.0,False,0.27
2925,train,600,450,1.3333333333333333,256.0927734375,3,.jpg,176.13352966308594,44.61216354370117,1.0,247.0,False,0.27
9512,train,600,450,1.3333333333333333,267.6806640625,3,.jpg,157.6662139892578,22.384889602661133,24.0,210.0,False,0.27
4349,train,600,450,1.3333333333333333,282.7392578125,3,.jpg,173.62388610839844,45.31865310668945,0.0,255.0,False,0.27
626,train,600,450,1.3333333333333333,231.5810546875,3,.jpg,180.7725067138672,29.706212997436523,0.0,239.0,False,0.27
1776,train,600,450,1.3333333333333333,259.0400390625,3,.jpg,155.08193969726562,46.39107894897461,22.0,246.0,False,0.27
9774,train,600,450,1.3333333333333333,284.3388671875,3,.jpg,221.10279846191406,46.67362594604492,6.0,255.0,False,0.27
7119,train,600,450,1.3333333333333333,273.318359375,3,.jpg,164.79666137695312,46.373695373535156,17.0,254.0,False,0.27
5663,train,600,450,1.3333333333333333,270.2421875,3,.jpg,180.5980224609375,44.484596252441406,20.0,253.0,False,0.27
5139,train,600,450,1.3333333333333333,257.248046875,3,.jpg,123.6741943359375,46.19491958618164,26.0,237.0,False,0.27
7149,train,600,450,1.3333333333333333,337.8583984375,3,.jpg,166.0789794921875,42.80447006225586,0.0,255.0,False,0.27
9932,train,600,450,1.3333333333333333,298.3828125,3,.jpg,172.66970825195312,32.43769454956055,14.0,226.0,False,0.27
8379,train,600,450,1.3333333333333333,282.4580078125,3,.jpg,157.04893493652344,35.28992462158203,11.0,221.0,False,0.27
1894,train,600,450,1.3333333333333333,266.228515625,3,.jpg,171.58103942871094,39.902984619140625,65.0,254.0,False,0.27
6311,train,600,450,1.3333333333333333,331.63671875,3,.jpg,122.7956771850586,57.19808578491211,2.0,255.0,False,0.27
9446,train,600,450,1.3333333333333333,199.6044921875,3,.jpg,161.02781677246094,28.59197998046875,7.0,221.0,False,0.27
3114,train,600,450,1.3333333333333333,275.1806640625,3,.jpg,175.65850830078125,46.75993347167969,0.0,248.0,False,0.27
4173,train,600,450,1.3333333333333333,301.076171875,3,.jpg,128.11802673339844,34.075809478759766,5.0,249.0,False,0.27
727,train,600,450,1.3333333333333333,236.755859375,3,.jpg,178.97332763671875,39.95815658569336,0.0,255.0,False,0.27
7144,train,600,450,1.3333333333333333,246.3798828125,3,.jpg,156.06707763671875,33.87670135498047,0.0,237.0,False,0.27
27,train,600,450,1.3333333333333333,171.0859375,3,.jpg,134.6493682861328,30.774124145507812,0.0,196.0,False,0.27
8518,train,600,450,1.3333333333333333,282.1044921875,3,.jpg,176.76434326171875,24.82284927368164,14.0,217.0,False,0.27
8821,train,600,450,1.3333333333333333,327.638671875,3,.jpg,145.630859375,39.824039459228516,13.0,249.0,False,0.27
3228,train,600,450,1.3333333333333333,273.8076171875,3,.jpg,142.98934936523438,59.78252029418945,16.0,251.0,False,0.27
5967,train,600,450,1.3333333333333333,299.484375,3,.jpg,154.677001953125,40.42091751098633,2.0,232.0,False,0.27
7066,train,600,450,1.3333333333333333,323.78515625,3,.jpg,147.9943389892578,30.12150764465332,0.0,230.0,False,0.27
1146,train,600,450,1.3333333333333333,261.96875,3,.jpg,181.01402282714844,33.95771408081055,23.0,248.0,False,0.27
5409,train,600,450,1.3333333333333333,257.4931640625,3,.jpg,188.74769592285156,38.359222412109375,3.0,255.0,False,0.27
5143,train,600,450,1.3333333333333333,266.990234375,3,.jpg,175.89537048339844,54.5759162902832,4.0,253.0,False,0.27
2041,train,600,450,1.3333333333333333,227.2158203125,3,.jpg,166.64703369140625,26.290098190307617,1.0,214.0,False,0.27
4920,train,600,450,1.3333333333333333,296.548828125,3,.jpg,147.07659912109375,52.08319091796875,15.0,253.0,False,0.27
8308,train,600,450,1.3333333333333333,268.68359375,3,.jpg,157.82984924316406,26.484865188598633,33.0,232.0,False,0.27
5067,train,600,450,1.3333333333333333,334.5908203125,3,.jpg,197.10711669921875,42.34030532836914,32.0,255.0,False,0.27
6691,train,600,450,1.3333333333333333,270.166015625,3,.jpg,124.76073455810547,51.112667083740234,12.0,247.0,False,0.27
5344,train,600,450,1.3333333333333333,292.943359375,3,.jpg,171.07662963867188,24.494525909423828,4.0,244.0,False,0.27
6592,train,600,450,1.3333333333333333,292.3466796875,3,.jpg,147.68618774414062,24.640947341918945,1.0,241.0,False,0.27
4844,train,600,450,1.3333333333333333,253.861328125,3,.jpg,188.6638641357422,34.52516555786133,104.0,254.0,False,0.27
9083,train,600,450,1.3333333333333333,282.505859375,3,.jpg,141.40890502929688,36.39273452758789,0.0,210.0,False,0.27
2085,train,600,450,1.3333333333333333,257.78515625,3,.jpg,191.36183166503906,30.789827346801758,14.0,235.0,False,0.27
3143,train,600,450,1.3333333333333333,277.87890625,3,.jpg,125.18348693847656,61.30652618408203,10.0,254.0,False,0.27
6888,train,600,450,1.3333333333333333,240.4326171875,3,.jpg,194.4675750732422,39.69353103637695,24.0,255.0,False,0.27
6211,train,600,450,1.3333333333333333,327.7744140625,3,.jpg,137.72918701171875,56.60198211669922,14.0,254.0,False,0.27
2851,train,600,450,1.3333333333333333,334.63671875,3,.jpg,156.0951690673828,45.1502799987793,0.0,253.0,False,0.27
9324,train,600,450,1.3333333333333333,353.111328125,3,.jpg,136.1668243408203,47.58827209472656,0.0,255.0,False,0.27
4930,train,600,450,1.3333333333333333,276.388671875,3,.jpg,156.32240295410156,49.98978042602539,17.0,252.0,False,0.27
6653,train,600,450,1.3333333333333333,303.3896484375,3,.jpg,172.15553283691406,44.81947326660156,30.0,255.0,False,0.27
8977,train,600,450,1.3333333333333333,271.0947265625,3,.jpg,122.85045623779297,48.177001953125,0.0,205.0,False,0.27
6,train,600,450,1.3333333333333333,251.7294921875,3,.jpg,173.5232391357422,26.15303611755371,41.0,235.0,False,0.27
4978,train,600,450,1.3333333333333333,282.880859375,3,.jpg,131.59286499023438,47.33039093017578,20.0,239.0,False,0.27
4700,train,600,450,1.3333333333333333,256.728515625,3,.jpg,156.95843505859375,53.59169006347656,15.0,250.0,False,0.27
3443,train,600,450,1.3333333333333333,274.6953125,3,.jpg,157.81631469726562,55.34867858886719,16.0,254.0,False,0.27
7043,train,600,450,1.3333333333333333,286.7158203125,3,.jpg,143.0839080810547,21.903854370117188,49.0,243.0,False,0.27
9502,train,600,450,1.3333333333333333,296.26171875,3,.jpg,183.67381286621094,34.197540283203125,39.0,249.0,False,0.27
9939,train,600,450,1.3333333333333333,285.771484375,3,.jpg,163.78738403320312,54.77814865112305,11.0,254.0,False,0.27
5279,train,600,450,1.3333333333333333,232.86328125,3,.jpg,180.18919372558594,21.14897346496582,79.0,226.0,False,0.27
7618,train,600,450,1.3333333333333333,190.6904296875,3,.jpg,186.30471801757812,27.64521026611328,17.0,234.0,False,0.27
7238,train,600,450,1.3333333333333333,340.162109375,3,.jpg,155.30325317382812,45.282230377197266,5.0,255.0,False,0.27
7244,train,600,450,1.3333333333333333,245.302734375,3,.jpg,175.37548828125,34.019771575927734,0.0,234.0,False,0.27
3501,train,600,450,1.3333333333333333,273.6435546875,3,.jpg,166.244873046875,47.12614440917969,21.0,252.0,False,0.27
8375,train,600,450,1.3333333333333333,352.263671875,3,.jpg,134.11915588378906,34.17612838745117,11.0,255.0,False,0.27
7752,train,600,450,1.3333333333333333,308.025390625,3,.jpg,166.98275756835938,48.79176330566406,5.0,255.0,False,0.27
2780,train,600,450,1.3333333333333333,226.7685546875,3,.jpg,164.3182373046875,23.156688690185547,6.0,214.0,False,0.27
1389,train,600,450,1.3333333333333333,291.525390625,3,.jpg,168.87225341796875,38.89739227294922,19.0,255.0,False,0.27
4649,train,600,450,1.3333333333333333,269.849609375,3,.jpg,177.56275939941406,47.089088439941406,58.0,253.0,False,0.27
8445,train,600,450,1.3333333333333333,306.5576171875,3,.jpg,143.8512420654297,31.793678283691406,0.0,203.0,False,0.27
5491,train,600,450,1.3333333333333333,282.8779296875,3,.jpg,143.74761962890625,55.343040466308594,12.0,252.0,False,0.27
1530,train,600,450,1.3333333333333333,293.5166015625,3,.jpg,185.30966186523438,39.80624008178711,20.0,254.0,False,0.27
3848,train,600,450,1.3333333333333333,287.0400390625,3,.jpg,159.81036376953125,30.57044792175293,14.0,235.0,False,0.27
5085,train,600,450,1.3333333333333333,206.03125,3,.jpg,165.3466339111328,25.545734405517578,0.0,228.0,False,0.27
3680,train,600,450,1.3333333333333333,265.9912109375,3,.jpg,171.03321838378906,40.07682800292969,37.0,252.0,False,0.27
3262,train,600,450,1.3333333333333333,136.6806640625,3,.jpg,173.3761444091797,34.46813201904297,55.0,255.0,False,0.27
2414,train,600,450,1.3333333333333333,263.2236328125,3,.jpg,172.87242126464844,34.19550704956055,20.0,255.0,False,0.27
400,train,600,450,1.3333333333333333,262.353515625,3,.jpg,196.6199951171875,45.71844482421875,3.0,255.0,False,0.27
757,train,600,450,1.3333333333333333,278.9736328125,3,.jpg,153.56214904785156,26.337085723876953,29.0,243.0,False,0.27
4011,train,600,450,1.3333333333333333,302.779296875,3,.jpg,155.554443359375,31.43366241455078,9.0,241.0,False,0.27
7784,train,600,450,1.3333333333333333,126.26953125,3,.jpg,162.82025146484375,31.940895080566406,32.0,226.0,False,0.27
1193,train,600,450,1.3333333333333333,244.7890625,3,.jpg,188.4097442626953,40.28949737548828,6.0,243.0,False,0.27
7461,train,600,450,1.3333333333333333,293.5615234375,3,.jpg,149.16616821289062,43.764732360839844,20.0,234.0,False,0.27
6790,train,600,450,1.3333333333333333,278.6083984375,3,.jpg,155.26596069335938,41.60832977294922,26.0,247.0,False,0.27
9431,train,600,450,1.3333333333333333,301.0380859375,3,.jpg,171.39271545410156,53.99472427368164,21.0,255.0,False,0.27
3185,train,600,450,1.3333333333333333,263.681640625,3,.jpg,174.6598358154297,43.06681442260742,36.0,253.0,False,0.27
6291,train,600,450,1.3333333333333333,224.015625,3,.jpg,159.57443237304688,39.35504150390625,11.0,255.0,False,0.27
8099,train,600,450,1.3333333333333333,165.3134765625,3,.jpg,172.92300415039062,24.98356056213379,1.0,238.0,False,0.27
6547,train,600,450,1.3333333333333333,273.658203125,3,.jpg,158.75450134277344,45.50486755371094,40.0,251.0,False,0.27
3997,train,600,450,1.3333333333333333,201.6982421875,3,.jpg,191.298095703125,15.508251190185547,34.0,236.0,False,0.27
2417,train,600,450,1.3333333333333333,285.42578125,3,.jpg,134.09152221679688,57.78861999511719,0.0,254.0,False,0.27
90,train,600,450,1.3333333333333333,294.0927734375,3,.jpg,177.6340789794922,26.803836822509766,33.0,248.0,False,0.27
1746,train,600,450,1.3333333333333333,287.0673828125,3,.jpg,154.54042053222656,57.53947830200195,7.0,255.0,False,0.27
6965,train,600,450,1.3333333333333333,341.7392578125,3,.jpg,173.24510192871094,35.769351959228516,43.0,255.0,False,0.27
3585,train,600,450,1.3333333333333333,293.3720703125,3,.jpg,133.6417999267578,51.62030029296875,14.0,241.0,False,0.27
2881,train,600,450,1.3333333333333333,307.0390625,3,.jpg,129.74020385742188,27.646406173706055,0.0,193.0,False,0.27
8486,train,600,450,1.3333333333333333,283.11328125,3,.jpg,109.93190002441406,36.87821578979492,1.0,181.0,False,0.27
7611,train,600,450,1.3333333333333333,254.7431640625,3,.jpg,166.78982543945312,51.50314712524414,30.0,255.0,False,0.27
822,train,600,450,1.3333333333333333,183.8896484375,3,.jpg,175.20797729492188,22.660682678222656,1.0,218.0,False,0.27
9132,train,600,450,1.3333333333333333,331.2919921875,3,.jpg,138.5773468017578,31.41005516052246,0.0,247.0,False,0.27
4082,train,600,450,1.3333333333333333,238.0361328125,3,.jpg,155.00038146972656,31.35784339904785,30.0,224.0,False,0.27
1988,train,600,450,1.3333333333333333,279.259765625,3,.jpg,138.0126190185547,53.14360046386719,17.0,245.0,False,0.27
7478,train,600,450,1.3333333333333333,274.69140625,3,.jpg,152.09173583984375,42.96006774902344,10.0,234.0,False,0.27
2184,train,600,450,1.3333333333333333,309.4775390625,3,.jpg,149.24493408203125,38.25564193725586,9.0,227.0,False,0.27
7612,train,600,450,1.3333333333333333,270.06640625,3,.jpg,166.03070068359375,34.94099044799805,0.0,247.0,False,0.27
8702,train,600,450,1.3333333333333333,285.7587890625,3,.jpg,145.59962463378906,41.17421340942383,6.0,215.0,False,0.27
9157,train,600,450,1.3333333333333333,211.6630859375,3,.jpg,198.27670288085938,52.44084167480469,2.0,249.0,False,0.27
9755,train,600,450,1.3333333333333333,263.22265625,3,.jpg,122.39745330810547,49.48211669921875,0.0,208.0,False,0.27
5198,train,600,450,1.3333333333333333,234.3623046875,3,.jpg,180.48904418945312,47.69058609008789,24.0,255.0,False,0.27
7251,train,600,450,1.3333333333333333,265.6630859375,3,.jpg,141.38943481445312,31.85832405090332,6.0,228.0,False,0.27
8270,train,600,450,1.3333333333333333,320.9150390625,3,.jpg,135.58352661132812,39.27557373046875,0.0,239.0,False,0.27
6991,train,600,450,1.3333333333333333,336.814453125,3,.jpg,155.11831665039062,47.48566436767578,14.0,255.0,False,0.27
8976,train,600,450,1.3333333333333333,251.359375,3,.jpg,157.76853942871094,17.882404327392578,48.0,202.0,False,0.27
7305,train,600,450,1.3333333333333333,160.3515625,3,.jpg,197.788330078125,49.618839263916016,10.0,239.0,False,0.27
2607,train,600,450,1.3333333333333333,255.90234375,3,.jpg,149.01315307617188,60.28255081176758,4.0,255.0,False,0.27
7777,train,600,450,1.3333333333333333,265.5068359375,3,.jpg,172.66754150390625,47.12557601928711,18.0,252.0,False,0.27
7373,train,600,450,1.3333333333333333,264.708984375,3,.jpg,155.36656188964844,56.46046829223633,9.0,251.0,False,0.27
4246,train,600,450,1.3333333333333333,274.9482421875,3,.jpg,138.6748504638672,51.5130615234375,27.0,247.0,False,0.27
4050,train,600,450,1.3333333333333333,325.4072265625,3,.jpg,183.05357360839844,35.551719665527344,17.0,253.0,False,0.27
4543,train,600,450,1.3333333333333333,165.4267578125,3,.jpg,183.64523315429688,18.94183921813965,25.0,220.0,False,0.27
8540,train,600,450,1.3333333333333333,266.1494140625,3,.jpg,149.0244598388672,25.57106590270996,14.0,195.0,False,0.27
7939,train,600,450,1.3333333333333333,275.3310546875,3,.jpg,165.04861450195312,51.010704040527344,25.0,251.0,False,0.27
3919,train,600,450,1.3333333333333333,163.1015625,3,.jpg,155.3331756591797,34.50436782836914,0.0,233.0,False,0.27
4499,train,600,450,1.3333333333333333,341.126953125,3,.jpg,151.78823852539062,45.63204574584961,8.0,255.0,False,0.27
7206,train,600,450,1.3333333333333333,275.6611328125,3,.jpg,124.77034759521484,46.39913558959961,7.0,227.0,False,0.27
1269,train,600,450,1.3333333333333333,217.5,3,.jpg,151.26515197753906,18.352502822875977,55.0,199.0,False,0.27
4681,train,600,450,1.3333333333333333,197.7041015625,3,.jpg,166.88880920410156,33.851844787597656,15.0,210.0,False,0.27
3841,train,600,450,1.3333333333333333,300.0576171875,3,.jpg,152.10845947265625,32.65804672241211,6.0,215.0,False,0.27
